ID,Source,Title,Company,Location,Link
0,LinkedIn,Civil Engineer,Spencer Ogden,"Chicago, IL",https://www.linkedin.com/jobs/view/civil-engineer-at-spencer-ogden-3410657735?refId=6bmuC%2B6hcTw5zVRfi1cxDw%3D%3D&trackingId=ze1hmj0kvQ8HpkXi7Le4IQ%3D%3D&position=1&pageNum=0&trk=public_jobs_jserp-result_search-card
1,LinkedIn,Civil Estimator,"Hellas Construction, Inc.","Lakewood, CO",https://www.linkedin.com/jobs/view/civil-estimator-at-hellas-construction-inc-3427705166?refId=6bmuC%2B6hcTw5zVRfi1cxDw%3D%3D&trackingId=UEb%2B0Z610CQ2C9BKEteuVQ%3D%3D&position=2&pageNum=0&trk=public_jobs_jserp-result_search-card
2,LinkedIn,Civil Field Engineer,Samsung Engineering,"Taylor, TX",https://www.linkedin.com/jobs/view/civil-field-engineer-at-samsung-engineering-3399758845?refId=6bmuC%2B6hcTw5zVRfi1cxDw%3D%3D&trackingId=yYRVRhrdJ89HQnWsKEVmUA%3D%3D&position=3&pageNum=0&trk=public_jobs_jserp-result_search-card
3,LinkedIn,Civil Estimator,Ascendion,"Phoenix, AZ",https://www.linkedin.com/jobs/view/civil-estimator-at-ascendion-3411966369?refId=6bmuC%2B6hcTw5zVRfi1cxDw%3D%3D&trackingId=GRPySWAFG2dC0R5xROjYPw%3D%3D&position=4&pageNum=0&trk=public_jobs_jserp-result_search-card
4,LinkedIn,Construction Superintendent- Civil,"Synergy Professionals, Inc.","Pensacola, FL",https://www.linkedin.com/jobs/view/construction-superintendent-civil-at-synergy-professionals-inc-3418449567?refId=6bmuC%2B6hcTw5zVRfi1cxDw%3D%3D&trackingId=FElwrQrSX41tAQG%2Bqfd0jA%3D%3D&position=5&pageNum=0&trk=public_jobs_jserp-result_search-card
5,LinkedIn,Civil Engineer,Career Collective,"Austin, Texas Metropolitan Area",https://www.linkedin.com/jobs/view/civil-engineer-at-career-collective-3410897800?refId=6bmuC%2B6hcTw5zVRfi1cxDw%3D%3D&trackingId=rKihaKDmG8YnrVTHN11RLg%3D%3D&position=6&pageNum=0&trk=public_jobs_jserp-result_search-card
6,LinkedIn,Civil Engineer - Entry Level,GASKINS + LECRAW,"Duluth, GA",https://www.linkedin.com/jobs/view/civil-engineer-entry-level-at-gaskins-%2B-lecraw-3408010367?refId=6bmuC%2B6hcTw5zVRfi1cxDw%3D%3D&trackingId=c31LsGcV%2FtFaVc3tq1FtrA%3D%3D&position=7&pageNum=0&trk=public_jobs_jserp-result_search-card
7,LinkedIn,Civil Engineer - Site Development,RPO Recruitment,"New York, United States",https://www.linkedin.com/jobs/view/civil-engineer-site-development-at-rpo-recruitment-3426329088?refId=6bmuC%2B6hcTw5zVRfi1cxDw%3D%3D&trackingId=8wnEVAwTdllKTkvTP9pi1Q%3D%3D&position=8&pageNum=0&trk=public_jobs_jserp-result_search-card
8,LinkedIn,Civil Engineer,Momentum Civil,"Tacoma, WA",https://www.linkedin.com/jobs/view/civil-engineer-at-momentum-civil-3382576034?refId=6bmuC%2B6hcTw5zVRfi1cxDw%3D%3D&trackingId=RKKwD%2FUJVA2K90pwNSpDOw%3D%3D&position=9&pageNum=0&trk=public_jobs_jserp-result_search-card
9,LinkedIn,Site Civil Engineer,BlackRock Resources LLC,"Pittsburgh, PA",https://www.linkedin.com/jobs/view/site-civil-engineer-at-blackrock-resources-llc-3411735160?refId=6bmuC%2B6hcTw5zVRfi1cxDw%3D%3D&trackingId=NrNC%2FcQ1%2FrYaCf%2FQYt38mg%3D%3D&position=10&pageNum=0&trk=public_jobs_jserp-result_search-card
